,Adelie,Chinstrap,Gentoo
H1,-6.316397099346062,-9.013582898509743,6.859172142423056
H2,-8.643231527208496,-5.965416285954096,5.300578121353146
H3,-9.339007941212843,9.582127619642115,-6.192485147732809
H4,11.746991147706577,-11.7599294845416,-8.205205988830388
