Caracteristica,Media,Desviacion_Estandar
bill_length_mm,43.9927927927928,5.460450955071463
bill_depth_mm,17.164864864864867,1.9662764301482418
flipper_length_mm,200.96696696696696,13.994704772576716
body_mass_g,4207.057057057057,804.0058601595629
